"CFIPS","YEAR","COUNTY","Total Population","Births","Deaths","Net Migration","Natural Increase","Census Building Permits","Group Quarters Population","Household Population","Households","Household Size","Total Housing Units","Vacancy Rate","Vacant Housing Units",
"1","2008","Adams County","425138","7925","2448","3,746","5,477","2,288","3,683","421,455","148,306","2.84","162,115","8.518","13,809",
"1","2009","Adams County","436323","7699","2359","5,845","5,340","957","3,873","432,450","152,045","2.84","162,794","6.603","10,749",
"3","2008","Alamosa County","15346","258","109","-96","149","54","995","14,351","5,808","2.47","6,510","10.783","702",
"3","2009","Alamosa County","15301","272","89","-228","183","56","995","14,306","5,814","2.46","6,536","11.047","722",
"5","2008","Arapahoe County","556246","8292","3207","5,279","5,085","3,023","5,773","550,473","217,507","2.53","233,100","6.689","15,593",
"5","2009","Arapahoe County","566480","8124","3182","5,292","4,942","1,445","5,605","560,875","220,854","2.54","236,200","6.497","15,346",
"7","2008","Archuleta County","12074","130","76","-88","54","202","84","11,990","5,204","2.3","8,652","39.852","3,448",
"7","2009","Archuleta County","11899","111","94","-192","17","147","84","11,815","5,171","2.28","8,714","40.659","3,543",
"9","2008","Baca County","3906","45","62","-70","-17","1","85","3,821","1,721","2.22","2,273","24.285","552",
"9","2009","Baca County","3814","38","69","-61","-31","0","85","3,729","1,689","2.21","2,257","25.166","568",
"11","2008","Bent County","6008","64","73","244","-9","7","1,760","4,248","1,789","2.37","2,271","21.224","482",
"11","2009","Bent County","6481","63","69","479","-6","5","2,216","4,265","1,810","2.36","2,255","19.734","445",
"13","2008","Boulder County","291827","3353","1524","1,241","1,829","701","9,935","281,892","116,788","2.41","125,999","7.31","9,211",
"13","2009","Boulder County","293641","3187","1512","139","1,675","1,044","9,879","283,762","117,841","2.41","126,756","7.033","8,915",
"14","2008","Broomfield County","54400","723","230","579","493","1,006","7","54,393","20,709","2.63","21,472","3.553","763",
"14","2009","Broomfield County","55378","693","244","529","449","794","7","55,371","21,219","2.61","22,327","4.963","1,108",
"15","2008","Chaffee County","17403","130","169","204","-39","209","1,337","16,066","7,391","2.17","9,943","25.666","2,552",
"15","2009","Chaffee County","17604","156","143","188","13","130","1,366","16,238","7,507","2.16","9,988","24.84","2,481",
"17","2008","Cheyenne County","1898","24","19","-17","5","0","30","1,868","804","2.32","999","19.52","195",
"17","2009","Cheyenne County","1833","22","34","-53","-12","0","30","1,803","785","2.3","985","20.305","200",
"19","2008","Clear Creek County","9294","99","43","-95","56","22","42","9,252","4,243","2.18","5,638","24.743","1,395",
"19","2009","Clear Creek County","9060","76","43","-267","33","15","42","9,018","4,165","2.17","5,664","26.465","1,499",
"21","2008","Conejos County","8384","123","77","-95","46","28","53","8,331","3,123","2.67","4,257","26.638","1,134",
"21","2009","Conejos County","8210","113","79","-208","34","14","53","8,157","3,079","2.65","4,274","27.96","1,195",
"23","2008","Costilla County","3611","31","38","-58","-7","17","0","3,611","1,569","2.3","2,523","37.812","954",
"23","2009","Costilla County","3505","33","29","-110","4","12","0","3,505","1,533","2.29","2,584","40.673","1,051",
"25","2008","Crowley County","5893","31","40","-5","-9","8","2,925","2,968","1,217","2.44","1,562","22.087","345",
"25","2009","Crowley County","5803","44","47","-87","-3","0","2,938","2,865","1,184","2.42","1,561","24.151","377",
"27","2008","Custer County","4119","26","26","-11","0","69","16","4,103","1,888","2.17","3,797","50.277","1,909",
"27","2009","Custer County","4166","24","39","62","-15","51","16","4,150","1,931","2.15","3,888","50.334","1,957",
"29","2008","Delta County","30342","369","351","447","18","110","914","29,428","12,310","2.39","14,439","14.745","2,129",
"29","2009","Delta County","30625","329","358","312","-29","91","935","29,690","12,451","2.38","14,516","14.226","2,065",
"31","2008","Denver County","581903","10169","4183","5,480","5,986","3,494","13,223","568,680","255,239","2.23","281,076","9.192","25,837",
"31","2009","Denver County","595573","10184","4134","7,620","6,050","3,053","13,308","582,265","261,855","2.22","283,636","7.679","21,781",
"33","2008","Dolores County","2074","30","19","62","11","3","0","2,074","900","2.3","1,422","36.709","522",
"33","2009","Dolores County","2052","28","16","-34","12","1","0","2,052","892","2.3","1,448","38.398","556",
"35","2008","Douglas County","276740","3938","784","4,987","3,154","2,168","967","275,773","98,378","2.8","104,350","5.723","5,972",
"35","2009","Douglas County","282163","3773","779","2,429","2,994","1,344","1,042","281,121","100,581","2.79","106,155","5.251","5,574",
"37","2008","Eagle County","50301","858","104","263","754","520","353","49,948","18,181","2.75","30,917","41.194","12,736",
"37","2009","Eagle County","51520","871","93","441","778","164","366","51,154","18,612","2.75","31,165","40.279","12,553",
"39","2008","Elbert County","22663","164","124","145","40","142","53","22,610","8,135","2.78","8,887","8.462","752",
"39","2009","Elbert County","22890","185","117","159","68","55","53","22,837","8,273","2.76","8,916","7.212","643",
"41","2008","El Paso County","599060","9043","3464","4,709","5,579","2,926","16,080","582,980","227,125","2.57","250,335","9.272","23,210",
"41","2009","El Paso County","608518","8587","3513","4,384","5,074","1,905","16,255","592,263","231,329","2.56","251,891","8.163","20,562",
"43","2008","Fremont County","46774","425","458","153","-33","154","9,347","37,427","16,124","2.32","18,925","14.801","2,801",
"43","2009","Fremont County","46635","413","491","-61","-78","91","9,305","37,330","16,169","2.31","19,104","15.363","2,935",
"45","2008","Garfield County","54226","975","286","861","689","574","830","53,396","19,680","2.71","22,805","13.703","3,125",
"45","2009","Garfield County","55400","997","268","445","729","385","851","54,549","20,048","2.72","23,145","13.381","3,097",
"47","2008","Gilpin County","5084","49","30","101","19","39","37","5,047","2,279","2.21","3,524","35.329","1,245",
"47","2009","Gilpin County","5396","52","26","286","26","44","37","5,359","2,435","2.2","3,545","31.312","1,110",
"49","2008","Grand County","14535","156","57","97","99","574","393","14,142","6,163","2.29","15,786","60.959","9,623",
"49","2009","Grand County","14664","145","54","38","91","313","393","14,271","6,248","2.28","15,980","60.901","9,732",
"51","2008","Gunnison County","15137","168","66","78","102","173","808","14,329","6,412","2.23","11,214","42.821","4,802",
"51","2009","Gunnison County","15266","182","59","6","123","87","808","14,458","6,493","2.23","11,338","42.741","4,846",
"53","2008","Hinsdale County","824","8","2","-27","6","27","0","824","378","2.18","1,383","72.668","1,005",
"53","2009","Hinsdale County","827","10","2","-5","8","17","0","827","380","2.18","1,386","72.583","1,006",
"55","2008","Huerfano County","7680","59","119","82","-60","62","1,183","6,497","3,071","2.12","5,035","39.007","1,964",
"55","2009","Huerfano County","6710","56","108","-918","-52","32","418","6,292","2,998","2.1","5,056","40.704","2,058",
"57","2008","Jackson County","1381","11","13","-39","-2","8","10","1,371","627","2.19","1,270","50.63","643",
"57","2009","Jackson County","1386","8","14","11","-6","12","10","1,376","636","2.16","1,280","50.313","644",
"59","2008","Jefferson County","530565","6167","3736","1,014","2,431","1,073","7,796","522,769","214,695","2.43","229,029","6.259","14,334",
"59","2009","Jefferson County","532606","5934","3678","-215","2,256","602","7,795","524,811","216,523","2.42","229,781","5.77","13,258",
"61","2008","Kiowa County","1432","15","22","-32","-7","1","18","1,414","626","2.26","801","21.848","175",
"61","2009","Kiowa County","1392","17","19","-38","-2","3","18","1,374","611","2.25","803","23.91","192",
"63","2008","Kit Carson County","8042","101","67","173","34","6","1,334","6,708","2,807","2.39","3,525","20.369","718",
"63","2009","Kit Carson County","8269","102","76","201","26","1","1,508","6,761","2,846","2.38","3,526","19.285","680",
"65","2008","Lake County","7269","128","45","-85","83","52","99","7,170","2,806","2.56","4,304","34.805","1,498",
"65","2009","Lake County","7174","120","37","-178","83","25","99","7,075","2,775","2.55","4,285","35.239","1,510",
"67","2008","La Plata County","50073","606","277","598","329","692","1,928","48,145","20,154","2.39","25,719","21.638","5,565",
"67","2009","La Plata County","50759","593","275","368","318","336","1,910","48,849","20,488","2.38","25,813","20.629","5,325",
"69","2008","Larimer County","292394","3425","1687","3,902","1,738","1,331","7,812","284,582","116,799","2.44","130,534","10.522","13,735",
"69","2009","Larimer County","297502","3566","1664","3,206","1,902","1,254","7,812","289,690","119,363","2.43","132,197","9.708","12,834",
"71","2008","Las Animas County","15486","190","176","-53","14","60","866","14,620","6,321","2.31","8,161","22.546","1,840",
"71","2009","Las Animas County","15477","193","165","-37","28","32","862","14,615","6,348","2.3","8,204","22.623","1,856",
"73","2008","Lincoln County","5522","51","55","-45","-4","2","1,075","4,447","1,888","2.36","2,417","21.887","529",
"73","2009","Lincoln County","5463","61","50","-70","11","1","1,088","4,375","1,865","2.35","2,420","22.934","555",
"75","2008","Logan County","22324","231","207","-103","24","19","2,419","19,905","8,442","2.36","8,962","5.802","520",
"75","2009","Logan County","22517","253","194","134","59","11","2,455","20,062","8,552","2.35","8,990","4.872","438",
"77","2008","Mesa County","140680","2062","1353","2,581","709","1,296","3,627","137,053","55,703","2.46","61,775","9.829","6,072",
"77","2009","Mesa County","144795","2048","1292","3,359","756","753","3,903","140,892","57,258","2.46","62,440","8.299","5,182",
"79","2008","Mineral County","767","2","7","-31","-5","20","1","766","376","2.04","1,203","68.745","827",
"79","2009","Mineral County","714","5","5","-53","0","4","1","713","353","2.02","1,202","70.632","849",
"81","2008","Moffat County","13446","224","88","40","136","63","311","13,135","5,212","2.52","6,160","15.39","948",
"81","2009","Moffat County","13544","224","80","-46","144","39","311","13,233","5,269","2.51","6,181","14.755","912",
"83","2008","Montezuma County","25200","324","259","-42","65","42","438","24,762","10,214","2.42","11,861","13.886","1,647",
"83","2009","Montezuma County","25365","320","256","101","64","19","438","24,927","10,343","2.41","11,994","13.765","1,651",
"85","2008","Montrose County","39952","563","404","662","159","369","550","39,402","15,908","2.48","17,877","11.014","1,969",
"85","2009","Montrose County","40680","554","368","542","186","189","550","40,130","16,222","2.47","18,083","10.291","1,861",
"87","2008","Morgan County","27746","421","278","-245","143","52","705","27,041","10,011","2.7","11,430","12.415","1,419",
"87","2009","Morgan County","28026","444","192","28","252","27","746","27,280","10,144","2.69","11,463","11.507","1,319",
"89","2008","Otero County","18853","280","265","-99","15","37","568","18,285","7,619","2.4","8,971","15.071","1,352",
"89","2009","Otero County","18844","230","229","-10","1","6","568","18,276","7,650","2.39","8,973","14.744","1,323",
"91","2008","Ouray County","4407","42","21","112","21","61","18","4,389","1,973","2.22","3,036","35.013","1,063",
"91","2009","Ouray County","4372","26","21","-40","5","35","18","4,354","1,973","2.21","3,066","35.649","1,093",
"93","2008","Park County","16278","135","71","-122","64","227","70","16,208","7,104","2.28","13,684","48.085","6,580",
"93","2009","Park County","15971","149","64","-392","85","154","70","15,901","7,033","2.26","13,833","49.158","6,800",
"95","2008","Phillips County","4451","53","58","-28","-5","6","89","4,362","1,802","2.42","2,077","13.24","275",
"95","2009","Phillips County","4454","47","44","0","3","3","89","4,365","1,808","2.41","2,083","13.202","275",
"97","2008","Pitkin County","16673","162","43","318","119","168","328","16,345","7,703","2.12","12,920","40.379","5,217",
"97","2009","Pitkin County","17053","171","44","253","127","115","328","16,725","7,889","2.12","12,979","39.217","5,090",
"99","2008","Prowers County","12682","190","128","-152","62","10","300","12,382","4,926","2.51","5,951","17.224","1,025",
"99","2009","Prowers County","12576","191","146","-151","45","0","300","12,276","4,924","2.49","5,948","17.216","1,024",
"101","2008","Pueblo County","156252","2167","1608","934","559","642","4,111","152,141","61,613","2.47","68,803","10.45","7,190",
"101","2009","Pueblo County","157324","2038","1558","592","480","399","4,142","153,182","62,213","2.46","69,140","10.019","6,927",
"103","2008","Rio Blanco County","6160","109","43","1","66","74","232","5,928","2,428","2.44","3,253","25.361","825",
"103","2009","Rio Blanco County","6317","90","40","107","50","62","232","6,085","2,500","2.43","3,292","24.058","792",
"105","2008","Rio Grande County","12105","157","122","-97","35","47","251","11,854","4,765","2.49","6,614","27.956","1,849",
"105","2009","Rio Grande County","11995","159","125","-144","34","42","251","11,744","4,742","2.48","6,635","28.531","1,893",
"107","2008","Routt County","22931","267","95","344","172","568","337","22,594","9,484","2.38","15,517","38.88","6,033",
"107","2009","Routt County","23325","260","88","222","172","376","337","22,988","9,673","2.38","16,143","40.079","6,470",
"109","2008","Saguache County","6176","59","48","6","11","62","36","6,140","2,599","2.36","3,791","31.443","1,192",
"109","2009","Saguache County","6126","73","47","-76","26","42","36","6,090","2,600","2.34","3,820","31.937","1,220",
"111","2008","San Juan County","698","5","2","9","3","4","5","693","341","2.03","746","54.29","405",
"111","2009","San Juan County","687","3","3","-11","0","7","5","682","335","2.04","752","55.452","417",
"113","2008","San Miguel County","7304","118","11","-79","107","148","17","7,287","3,416","2.13","6,521","47.615","3,105",
"113","2009","San Miguel County","7267","79","13","-103","66","120","17","7,250","3,399","2.13","6,583","48.367","3,184",
"115","2008","Sedgwick County","2420","27","33","4","-6","1","57","2,363","1,092","2.16","1,408","22.443","316",
"115","2009","Sedgwick County","2376","21","31","-34","-10","1","57","2,319","1,080","2.15","1,411","23.459","331",
"117","2008","Summit County","27464","366","49","-16","317","437","927","26,537","10,928","2.43","29,646","63.138","18,718",
"117","2009","Summit County","27783","373","47","-7","326","341","927","26,856","11,072","2.43","29,943","63.023","18,871",
"119","2008","Teller County","23102","195","121","-136","74","137","120","22,982","9,570","2.4","12,583","23.945","3,013",
"119","2009","Teller County","23205","183","124","44","59","88","120","23,085","9,690","2.38","12,619","23.211","2,929",
"121","2008","Washington County","4802","43","53","-115","-10","7","222","4,580","1,941","2.36","2,418","19.727","477",
"121","2009","Washington County","4777","44","44","-25","0","1","222","4,555","1,940","2.35","2,427","20.066","487",
"123","2008","Weld County","244116","4013","1294","3,118","2,719","1,596","5,051","239,065","86,395","2.77","95,692","9.716","9,297",
"123","2009","Weld County","248959","3923","1314","2,234","2,609","837","5,057","243,902","88,253","2.76","96,177","8.239","7,924",
"125","2008","Yuma County","9895","159","121","-24","38","0","219","9,676","3,866","2.5","4,446","13.045","580",
"125","2009","Yuma County","10036","166","90","65","76","4","217","9,819","3,934","2.5","4,457","11.734","523",
"1","2010","Adams County","443711","7436","2474","2,426","4,962","130.91","4,027","439,684","154,502","2.84","163,259","5.36","8,757",
"3","2010","Alamosa County","15474","250","127","50","123","7.5","740","14,734","6,008","2.45","6,561","8.42","553",
"5","2010","Arapahoe County","574819","7981","3295","3,653","4,686","278.37","4,920","569,899","225,124","2.53","238,566","5.63","13,442",
"7","2010","Archuleta County","12060","108","63","116","45","10.5","129","11,931","5,257","2.26","8,772","40.07","3,515",
"9","2010","Baca County","3795","39","52","-6","-13","0.25","82","3,713","1,687","2.2","2,248","24.95","561",
"11","2010","Bent County","6506","54","58","29","-4","0.75","2,208","4,298","1,835","2.34","2,243","18.18","408",
"13","2010","Boulder County","295605","3141","1544","367","1,597","97.48","9,396","286,209","119,574","2.39","127,183","5.98","7,609",
"14","2010","Broomfield County","56107","690","271","310","419","40","282","55,825","21,498","2.59","22,684","5.22","1,186",
"15","2010","Chaffee County","17797","138","157","212","-19","22.75","1,436","16,361","7,596","2.15","10,043","24.36","2,447",
"17","2010","Cheyenne County","1834","21","18","-2","3","0","42","1,792","786","2.27","975","19.38","189",
"19","2010","Clear Creek County","9155","81","64","78","17","2","131","9,024","4,217","2.13","5,687","25.84","1,470",
"21","2010","Conejos County","8282","137","73","8","64","4.25","36","8,246","3,128","2.63","4,290","27.08","1,162",
"23","2010","Costilla County","3532","27","28","28","-1","8.5","0","3,532","1,554","2.27","2,622","40.73","1,068",
"25","2010","Crowley County","5838","37","32","30","5","0.25","2,682","3,156","1,311","2.4","1,559","15.9","248",
"27","2010","Custer County","4272","25","37","118","-12","15","150","4,122","1,933","2.13","3,971","51.32","2,038",
"29","2010","Delta County","30889","341","339","262","2","3.25","713","30,176","12,678","2.38","14,575","13.01","1,897",
"31","2010","Denver County","604879","9716","4229","3,819","5,487","222","15,981","588,898","265,233","2.22","286,635","7.46","21,402",
"33","2010","Dolores County","2060","17","14","5","3","0.25","0","2,060","898","2.29","1,468","38.82","570",
"35","2010","Douglas County","287124","3627","904","2,238","2,723","212.85","800","286,324","102,564","2.79","107,071","4.2","4,507",
"37","2010","Eagle County","52057","775","96","-142","679","19.16","55","52,002","19,184","2.71","31,330","38.76","12,146",
"39","2010","Elbert County","23107","163","107","161","56","9.75","73","23,034","8,388","2.74","8,949","6.26","561",
"41","2010","El Paso County","627232","9002","3526","13,238","5,476","333.21","19,141","608,091","237,926","2.55","252,957","5.94","15,031",
"43","2010","Fremont County","46854","373","504","350","-131","11.5","8,704","38,150","16,595","2.29","19,256","13.81","2,661",
"45","2010","Garfield County","56150","912","278","116","634","19.5","884","55,266","20,272","2.72","23,327","13.09","3,055",
"47","2010","Gilpin County","5463","47","25","45","22","4","49","5,414","2,471","2.19","3,564","30.66","1,093",
"49","2010","Grand County","14790","138","44","32","94","35","222","14,568","6,444","2.26","16,094","59.96","9,650",
"51","2010","Gunnison County","15309","158","69","-46","89","21.75","850","14,459","6,510","2.22","11,434","43.06","4,924",
"53","2010","Hinsdale County","843","10","4","10","6","2.25","56","787","362","2.17","1,391","73.97","1,029",
"55","2010","Huerfano County","6655","56","102","-9","-46","8.75","165","6,490","3,110","2.08","5,084","38.82","1,974",
"57","2010","Jackson County","1387","10","7","-2","3","1.75","2","1,385","646","2.14","1,288","49.84","642",
"59","2010","Jefferson County","535651","5723","3757","1,079","1,966","101.53","7,427","528,224","218,625","2.41","230,166","5.01","11,541",
"61","2010","Kiowa County","1399","6","19","20","-13","1.25","14","1,385","619","2.23","806","23.2","187",
"63","2010","Kit Carson County","8267","108","81","-29","27","0.25","1,075","7,192","3,037","2.36","3,527","13.89","490",
"65","2010","Lake County","7282","106","36","38","70","0","133","7,149","2,941","2.43","4,271","31.14","1,330",
"67","2010","La Plata County","51441","589","270","363","319","58.25","1,715","49,726","21,144","2.35","25,917","18.41","4,773",
"69","2010","Larimer County","300532","3378","1818","1,470","1,560","120.17","8,530","292,002","120,677","2.41","132,836","9.15","12,159",
"71","2010","Las Animas County","15407","154","176","-48","-22","4.5","858","14,549","6,341","2.29","8,221","22.86","1,880",
"73","2010","Lincoln County","5474","57","48","2","9","1.75","1,030","4,444","1,951","2.27","2,422","19.44","471",
"75","2010","Logan County","22293","206","202","-228","4","3.75","3,474","18,819","8,053","2.33","8,985","10.37","932",
"77","2010","Mesa County","147155","2021","1309","1,648","712","91.25","4,467","142,688","57,963","2.46","62,358","7.04","4,395",
"79","2010","Mineral County","705","9","8","-10","1","1.75","0","705","351","2","1,203","70.82","852",
"81","2010","Moffat County","13806","217","103","148","114","5.25","102","13,704","5,470","2.5","6,202","11.8","732",
"83","2010","Montezuma County","25532","317","270","120","47","4","237","25,295","10,540","2.39","12,098","12.87","1,558",
"85","2010","Montrose County","41188","487","389","410","98","29.5","542","40,646","16,449","2.47","18,280","10.01","1,831",
"87","2010","Morgan County","28196","447","239","-38","208","4.75","564","27,632","10,308","2.68","11,495","10.32","1,187",
"89","2010","Otero County","18838","218","213","-11","5","0.75","433","18,405","7,732","2.38","8,970","13.8","1,238",
"91","2010","Ouray County","4446","38","27","63","11","5.25","0","4,446","2,026","2.19","3,088","34.39","1,062",
"93","2010","Park County","16262","121","82","252","39","26.5","92","16,170","7,199","2.24","13,973","48.47","6,774",
"95","2010","Phillips County","4465","59","54","6","5","1.75","60","4,405","1,829","2.4","2,089","12.44","260",
"97","2010","Pitkin County","17156","141","38","0","103","7.09","72","17,084","8,156","2.09","12,960","37.06","4,804",
"99","2010","Prowers County","12531","186","123","-108","63","0.25","315","12,216","4,928","2.47","5,942","17.06","1,014",
"101","2010","Pueblo County","159496","2070","1542","1,644","528","94.25","4,321","155,175","63,148","2.45","69,615","9.28","6,467",
"103","2010","Rio Blanco County","6617","101","43","242","58","6.5","235","6,382","2,626","2.43","3,315","20.78","689",
"105","2010","Rio Grande County","12001","166","125","-35","41","3.5","198","11,803","4,787","2.46","6,633","27.83","1,846",
"107","2010","Routt County","23439","247","90","-43","157","17.5","335","23,104","9,863","2.34","16,321","39.56","6,458",
"109","2010","Saguache County","6144","65","47","0","18","9.75","18","6,126","2,652","2.3","3,854","31.18","1,202",
"111","2010","San Juan County","709","3","3","22","0","1","0","709","349","2.03","757","53.89","408",
"113","2010","San Miguel County","7356","65","20","44","45","11","9","7,347","3,451","2.12","6,659","48.17","3,208",
"115","2010","Sedgwick County","2367","21","36","6","-15","0.25","35","2,332","1,087","2.14","1,415","23.18","328",
"117","2010","Summit County","28073","287","51","54","236","19.5","273","27,800","11,787","2.35","29,861","60.52","18,074",
"119","2010","Teller County","23441","202","151","185","51","9.04","132","23,309","9,844","2.36","12,651","22.18","2,807",
"121","2010","Washington County","4815","54","41","25","13","1.75","184","4,631","1,980","2.33","2,436","18.71","456",
"123","2010","Weld County","254230","3799","1352","2,824","2,447","171.68","5,895","248,335","89,849","2.76","96,454","6.84","6,605",
"125","2010","Yuma County","10032","128","92","-40","36","0","196","9,836","3,947","2.49","4,466","11.62","519",
"1","2011","Adams County","451749","7244","2462","3,255","4,782","671","4,028","447,721","157,300","2.85","163,875","4.01","6,575",
"3","2011","Alamosa County","15679","234","131","102","103","38","740","14,939","6,090","2.45","6,600","7.73","510",
"5","2011","Arapahoe County","585507","7721","3426","6,518","4,295","1,254","4,795","580,712","229,419","2.53","239,195","4.09","9,776",
"7","2011","Archuleta County","12003","137","82","-112","55","37","129","11,874","5,232","2.27","8,818","40.67","3,586",
"9","2011","Baca County","3799","41","73","36","-32","2","82","3,717","1,690","2.2","2,250","24.89","560",
"11","2011","Bent County","6304","44","60","-92","-16","0","2,114","4,190","1,789","2.34","2,243","20.24","454",
"13","2011","Boulder County","300171","2994","1511","2,476","1,483","710","10,003","290,168","121,242","2.39","127,873","5.19","6,632",
"14","2011","Broomfield County","57211","701","322","725","379","232","282","56,929","21,923","2.6","22,894","4.24","971",
"15","2011","Chaffee County","18012","147","157","169","-10","101","1,492","16,520","7,668","2.15","10,129","24.3","2,461",
"17","2011","Cheyenne County","1864","21","21","30","0","1","42","1,822","799","2.28","976","18.14","177",
"19","2011","Clear Creek County","9070","70","58","-56","12","13","90","8,980","4,198","2.14","5,700","26.35","1,502",
"21","2011","Conejos County","8282","104","88","-16","16","17","36","8,246","3,128","2.64","4,307","27.37","1,179",
"23","2011","Costilla County","3647","37","32","110","5","24","0","3,647","1,605","2.27","2,649","39.41","1,044",
"25","2011","Crowley County","5817","34","36","25","-2","4","2,638","3,179","1,322","2.4","1,563","15.42","241",
"27","2011","Custer County","4227","22","29","-38","-7","67","150","4,077","1,912","2.13","4,034","52.6","2,122",
"29","2011","Delta County","30370","344","356","-474","-12","10","680","29,690","12,472","2.38","14,567","14.38","2,095",
"31","2011","Denver County","620684","9622","4184","10,128","5,438","1,232","16,220","604,464","272,244","2.22","287,753","5.39","15,509",
"33","2011","Dolores County","2025","18","17","-36","1","0","0","2,025","882","2.3","1,468","39.92","586",
"35","2011","Douglas County","292478","3557","905","2,730","2,652","2,490","772","291,706","104,489","2.79","107,869","3.13","3,380",
"37","2011","Eagle County","51649","650","83","-990","567","56","70","51,579","19,025","2.71","31,382","39.38","12,357",
"43","2011","Fremont County","47406","379","528","352","-149","53","9,053","38,353","16,682","2.3","19,313","13.62","2,631",
"45","2011","Garfield County","56005","863","294","-698","569","37","868","55,137","20,224","2.73","23,363","13.44","3,139",
"47","2011","Gilpin County","5448","47","28","-34","19","4","49","5,399","2,463","2.19","3,568","30.97","1,105",
"49","2011","Grand County","14548","106","66","-282","40","87","222","14,326","6,338","2.26","16,181","60.83","9,843",
"51","2011","Gunnison County","15269","152","58","-5","94","73","721","14,548","6,549","2.22","11,505","43.08","4,956",
"53","2011","Hinsdale County","824","5","7","-17","-2","7","56","768","353","2.18","1,398","74.75","1,045",
"55","2011","Huerfano County","6504","46","105","-92","-59","30","165","6,339","3,037","2.09","5,119","40.67","2,082",
"57","2011","Jackson County","1372","12","10","-17","2","7","2","1,370","639","2.14","1,295","50.66","656",
"59","2011","Jefferson County","539721","5529","3738","1,984","1,791","603","7,722","531,999","220,186","2.42","230,724","4.57","10,538",
"61","2011","Kiowa County","1445","20","22","48","-2","6","14","1,431","640","2.24","813","21.28","173",
"63","2011","Kit Carson County","8181","105","83","93","22","2","874","7,307","3,084","2.37","3,529","12.61","445",
"69","2011","Larimer County","305078","3313","1861","3,248","1,452","1,187","8,376","296,702","122,593","2.42","134,051","8.55","11,458",
"71","2011","Las Animas County","15045","149","196","-318","-47","20","861","14,184","6,181","2.29","8,230","24.9","2,049",
"73","2011","Lincoln County","5397","64","52","-30","12","1","971","4,426","1,944","2.28","2,423","19.77","479",
"75","2011","Logan County","22254","212","182","-130","30","15","3,535","18,719","8,009","2.34","9,000","11.01","991",
"77","2011","Mesa County","148108","1908","1296","17","612","364","4,791","143,317","58,255","2.46","63,183","7.8","4,928",
"79","2011","Mineral County","706","5","3","-1","2","5","0","706","352","2.01","1,212","70.96","860",
"81","2011","Moffat County","13402","187","67","-524","120","7","102","13,300","5,308","2.51","6,209","14.51","901",
"83","2011","Montezuma County","25463","308","288","-89","20","11","237","25,226","10,511","2.4","12,109","13.2","1,598",
"85","2011","Montrose County","40894","492","399","-387","93","62","542","40,352","16,330","2.47","18,353","11.02","2,023",
"87","2011","Morgan County","28434","460","277","55","183","2","564","27,870","10,396","2.68","11,503","9.62","1,107",
"89","2011","Otero County","18831","245","216","-36","29","3","433","18,398","7,729","2.38","8,973","13.86","1,244",
"91","2011","Ouray County","4422","29","19","-34","10","20","0","4,422","2,016","2.19","3,104","35.05","1,088",
"93","2011","Park County","16096","117","83","-200","34","95","92","16,004","7,125","2.25","14,065","49.34","6,940",
"95","2011","Phillips County","4373","51","61","-82","-10","3","60","4,313","1,791","2.41","2,092","14.39","301",
"97","2011","Pitkin County","17125","175","53","-153","122","44","72","17,053","8,139","2.1","12,994","37.36","4,855",
"99","2011","Prowers County","12467","142","149","-57","-7","2","315","12,152","4,903","2.48","5,945","17.53","1,042",
"101","2011","Pueblo County","160157","1865","1651","441","214","291","4,327","155,830","63,410","2.46","69,872","9.25","6,462",
"103","2011","Rio Blanco County","6696","106","40","103","66","21","145","6,551","2,697","2.43","3,323","18.84","626",
"105","2011","Rio Grande County","11905","143","122","-117","21","18","198","11,707","4,747","2.47","6,651","28.63","1,904",
"107","2011","Routt County","23237","228","88","-345","140","27","338","22,899","9,774","2.34","16,349","40.22","6,575",
"109","2011","Saguache County","6184","79","37","-2","42","35","18","6,166","2,675","2.31","3,890","31.23","1,215",
"111","2011","San Juan County","693","8","8","-16","0","1","0","693","341","2.03","758","55.01","417",
"113","2011","San Miguel County","7477","76","18","63","58","25","9","7,468","3,507","2.13","6,683","47.52","3,176",
"115","2011","Sedgwick County","2367","29","41","12","-12","0","35","2,332","1,087","2.15","1,415","23.18","328",
"117","2011","Summit County","27954","308","54","-373","254","117","273","27,681","11,736","2.36","30,024","60.91","18,288",
"119","2011","Teller County","23294","222","134","-235","88","30","132","23,162","9,781","2.37","12,668","22.79","2,887",
"121","2011","Washington County","4789","40","53","-13","-13","5","184","4,605","1,969","2.34","2,441","19.34","472",
"123","2011","Weld County","258551","3749","1434","2,029","2,315","778","5,872","252,679","91,412","2.76","97,263","6.02","5,851",
"125","2011","Yuma County","10118","155","118","49","37","5","196","9,922","3,982","2.49","4,471","10.94","489",
"1","2012","Adams County","460064","6923","2750","4,156","4,173","714","4,014","456,050","160,214","2.85","164,378","2.53","4,164",
"3","2012","Alamosa County","15687","208","118","-82","90","53","740","14,947","6,094","2.45","6,619","7.93","525",
"5","2012","Arapahoe County","595776","7754","3380","5,926","4,374","334","4,764","591,012","233,477","2.53","239,524","2.52","6,047",
"7","2012","Archuleta County","12109","116","72","62","44","36","129","11,980","5,278","2.27","8,870","40.5","3,592",
"9","2012","Baca County","3746","53","72","-34","-19","2","82","3,664","1,666","2.2","2,252","26.02","586",
"11","2012","Bent County","5778","55","60","-93","-5","1","1,686","4,092","1,747","2.34","2,245","22.18","498",
"13","2012","Boulder County","305016","2953","1570","3,463","1,383","713","10,002","295,014","123,243","2.39","128,436","4.04","5,192",
"14","2012","Broomfield County","58715","684","330","1,150","354","229","282","58,433","22,502","2.6","23,103","2.6","601",
"15","2012","Chaffee County","18123","152","157","119","-5","69","1,489","16,634","7,720","2.15","10,173","24.11","2,453",
"17","2012","Cheyenne County","1875","38","27","0","11","0","42","1,833","804","2.28","976","17.62","172",
"19","2012","Clear Creek County","9103","63","46","-1","17","16","107","8,996","4,205","2.14","5,716","26.43","1,511",
"21","2012","Conejos County","8246","126","82","-80","44","13","36","8,210","3,114","2.64","4,321","27.93","1,207",
"23","2012","Costilla County","3601","29","41","-34","-12","22","0","3,601","1,584","2.27","2,667","40.61","1,083",
"25","2012","Crowley County","5376","40","47","-87","-7","2","2,291","3,085","1,282","2.41","1,565","18.08","283",
"27","2012","Custer County","4241","26","36","24","-10","66","150","4,091","1,918","2.13","4,099","53.21","2,181",
"29","2012","Delta County","30461","337","315","26","22","50","723","29,738","12,493","2.38","14,555","14.17","2,062",
"31","2012","Denver County","634471","9181","4173","8,785","5,008","2,685","16,214","618,257","278,456","2.22","289,832","3.93","11,376",
"33","2012","Dolores County","1990","24","17","-42","7","0","0","1,990","866","2.3","1,468","41.01","602",
"35","2012","Douglas County","298638","3477","1034","3,714","2,443","1,990","775","297,863","106,700","2.79","108,865","1.99","2,165",
"67","2011","La Plata County","51866","543","246","128","297","222","1,715","50,151","21,323","2.35","26,132","18.4","4,809",
"65","2011","Lake County","7382","104","41","29","63","19","141","7,241","2,978","2.43","4,290","18.4","1,312",
"39","2011","Elbert County","23213","174","108","40","66","33","73","23,140","8,425","2.75","8,981","6.19","556",
"37","2012","Eagle County","51849","695","100","-395","595","51","70","51,779","19,098","2.71","31,433","39.24","12,335",
"43","2012","Fremont County","47075","388","498","166","-110","46","8,666","38,409","16,707","2.3","19,372","13.76","2,665",
"45","2012","Garfield County","56770","788","252","213","536","33","884","55,886","20,498","2.73","23,395","12.38","2,897",
"47","2012","Gilpin County","5457","39","27","-3","12","16","49","5,408","2,468","2.19","3,584","31.14","1,116",
"49","2012","Grand County","14157","111","45","-457","66","59","222","13,935","6,186","2.25","15,612","60.38","9,426",
"51","2012","Gunnison County","15384","164","74","-78","90","50","824","14,560","6,555","2.22","11,554","43.27","4,999",
"53","2012","Hinsdale County","795","6","3","-32","3","6","56","739","340","2.17","1,404","75.78","1,064",
"55","2012","Huerfano County","6563","59","106","106","-47","30","165","6,398","3,067","2.09","5,144","40.38","2,077",
"57","2012","Jackson County","1338","9","15","-28","-6","2","2","1,336","623","2.14","1,297","51.97","674",
"59","2012","Jefferson County","545880","5556","3897","4,493","1,659","976","7,729","538,151","222,732","2.42","231,657","3.85","8,925",
"61","2012","Kiowa County","1425","8","21","-7","-13","1","14","1,411","630","2.24","814","22.6","184",
"63","2012","Kit Carson County","8088","93","69","-51","24","0","808","7,280","3,074","2.37","3,529","12.89","455",
"69","2012","Larimer County","310717","3407","1871","4,032","1,536","1,232","8,447","302,270","124,868","2.42","135,411","7.79","10,543",
"71","2012","Las Animas County","14966","149","163","13","-14","22","783","14,183","6,181","2.29","8,245","25.03","2,064",
"73","2012","Lincoln County","5438","50","56","-9","-6","4","1,027","4,411","1,937","2.28","2,425","20.12","488",
"75","2012","Logan County","22003","223","182","-128","41","13","3,371","18,632","7,972","2.34","9,013","11.55","1,041",
"77","2012","Mesa County","148291","1818","1306","-344","512","338","4,806","143,485","58,339","2.46","63,561","8.22","5,222",
"79","2012","Mineral County","706","6","5","-1","1","9","0","706","352","2.01","1,222","71.19","870",
"81","2012","Moffat County","13135","164","120","-311","44","10","102","13,033","5,201","2.51","6,219","16.37","1,018",
"83","2012","Montezuma County","25441","294","268","-48","26","8","237","25,204","10,503","2.4","12,117","13.32","1,614",
"85","2012","Montrose County","40691","402","451","-154","-49","51","542","40,149","16,249","2.47","18,425","11.81","2,176",
"87","2012","Morgan County","28241","423","271","-345","152","19","564","27,677","10,325","2.68","11,525","10.41","1,200",
"89","2012","Otero County","18660","270","258","-183","12","3","433","18,227","7,659","2.38","8,976","14.67","1,317",
"91","2012","Ouray County","4510","33","20","75","13","19","0","4,510","2,057","2.19","3,122","34.11","1,065",
"93","2012","Park County","16052","109","77","-76","32","73","92","15,960","7,105","2.25","14,137","49.74","7,032",
"95","2012","Phillips County","4384","55","50","6","5","2","60","4,324","1,795","2.41","2,093","14.24","298",
"97","2012","Pitkin County","17222","128","51","20","77","33","72","17,150","8,184","2.1","13,017","37.13","4,833",
"99","2012","Prowers County","12380","188","127","-148","61","8","315","12,065","4,866","2.48","5,951","18.23","1,085",
"101","2012","Pueblo County","160759","1878","1591","137","287","149","4,505","156,254","63,580","2.46","69,986","9.15","6,406",
"103","2012","Rio Blanco County","6774","73","55","-66","18","16","271","6,503","2,677","2.43","3,330","19.61","653",
"105","2012","Rio Grande County","11865","127","127","-40","0","12","198","11,667","4,732","2.47","6,663","28.98","1,931",
"107","2012","Routt County","23257","216","92","-71","124","42","305","22,952","9,796","2.34","16,385","40.21","6,589",
"109","2012","Saguache County","6316","79","29","82","50","25","18","6,298","2,733","2.3","3,914","30.17","1,181",
"111","2012","San Juan County","692","3","2","-2","1","1","0","692","341","2.03","759","55.07","418",
"113","2012","San Miguel County","7570","72","31","52","41","7","9","7,561","3,550","2.13","6,690","46.94","3,140",
"115","2012","Sedgwick County","2370","21","38","20","-17","0","35","2,335","1,090","2.14","1,415","22.97","325",
"117","2012","Summit County","28213","309","57","7","252","154","273","27,940","11,846","2.36","30,142","60.7","18,296",
"119","2012","Teller County","23349","154","144","45","10","46","132","23,217","9,805","2.37","12,721","22.92","2,916",
"121","2012","Washington County","4716","40","50","-63","-10","1","184","4,532","1,938","2.34","2,442","20.64","504",
"123","2012","Weld County","263924","3795","1456","3,059","2,339","803","5,847","258,077","93,336","2.77","98,195","4.95","4,859",
"125","2012","Yuma County","10082","157","112","-81","45","6","196","9,886","3,967","2.49","4,477","11.39","510",
"1","2013","Adams County","469477","7171","2798","5,026","4,373","909","4,028","465,449","163,451","2.85","165,984","1.53","2,533",
"3","2013","Alamosa County","15804","223","146","40","77","73","740","15,064","6,143","2.45","6,694","8.23","551",
"5","2013","Arapahoe County","607145","7821","3555","7,322","4,266","1,318","4,545","602,600","238,005","2.53","241,472","1.44","3,467",
"7","2013","Archuleta County","12211","106","92","88","14","53","129","12,082","5,323","2.27","8,930","40.39","3,607",
"9","2013","Baca County","3679","48","54","-61","-6","0","82","3,597","1,634","2.2","2,252","27.44","618",
"11","2013","Bent County","5708","38","62","-75","-24","1","1,715","3,993","1,704","2.34","2,249","24.23","545",
"13","2013","Boulder County","309971","2963","1666","3,334","1,297","1,411","10,326","299,645","125,161","2.39","129,798","3.57","4,637",
"14","2013","Broomfield County","59975","684","323","899","361","2,010","282","59,693","22,987","2.6","23,563","2.44","576",
"15","2013","Chaffee County","18281","110","179","371","-69","102","1,345","16,936","7,860","2.15","10,243","23.26","2,383",
"17","2013","Cheyenne County","1889","27","18","5","9","4","42","1,847","809","2.28","985","17.87","176",
"19","2013","Clear Creek County","9095","70","59","12","11","6","76","9,019","4,215","2.14","5,711","26.2","1,496",
"21","2013","Conejos County","8229","109","99","-27","10","13","36","8,193","3,108","2.64","4,335","28.3","1,227",
"23","2013","Costilla County","3537","29","43","-50","-14","23","0","3,537","1,556","2.27","2,684","42.03","1,128",
"25","2013","Crowley County","5278","41","39","-51","2","0","2,242","3,036","1,263","2.4","1,565","19.3","302",
"27","2013","Custer County","4287","21","36","61","-15","54","150","4,137","1,939","2.13","4,152","53.3","2,213",
"29","2013","Delta County","30322","320","317","36","3","10","545","29,777","12,516","2.38","14,623","14.41","2,107",
"31","2013","Denver County","648162","9261","4216","8,737","5,045","5,578","16,123","632,039","284,663","2.22","294,752","3.42","10,089",
"33","2013","Dolores County","2021","17","18","32","-1","1","0","2,021","880","2.3","1,469","40.1","589",
"35","2013","Douglas County","306627","3429","1043","5,507","2,386","3,435","871","305,756","109,563","2.79","111,257","1.52","1,694",
"37","2013","Eagle County","52334","602","120","3","482","90","70","52,264","19,271","2.71","31,519","38.86","12,248",
"67","2012","La Plata County","52457","536","332","224","204","154","1,878","50,579","21,504","2.35","26,283","18.18","4,640",
"65","2012","Lake County","7291","72","40","-123","32","17","141","7,150","2,940","2.43","4,308","18.18","1,368",
"39","2012","Elbert County","23371","171","116","103","55","30","73","23,298","8,483","2.75","9,010","5.85","527",
"39","2013","Elbert County","23632","156","133","238","23","44","73","23,559","8,578","2.75","9,053","5.25","475",
"43","2013","Fremont County","46441","335","529","-158","-194","52","8,384","38,057","16,553","2.3","19,439","14.85","2,886",
"45","2013","Garfield County","56947","822","281","-329","541","96","849","56,098","20,580","2.73","23,488","12.38","2,908",
"47","2013","Gilpin County","5571","48","21","87","27","8","49","5,522","2,519","2.19","3,592","29.87","1,073",
"49","2013","Grand County","14271","117","61","58","56","44","222","14,049","6,236","2.25","15,675","60.22","9,439",
"51","2013","Gunnison County","15591","149","65","-55","84","47","1,002","14,589","6,568","2.22","11,601","43.38","5,033",
"53","2013","Hinsdale County","804","10","5","4","5","3","56","748","344","2.17","1,407","75.55","1,063",
"55","2013","Huerfano County","6470","50","88","-55","-38","24","165","6,305","3,022","2.09","5,165","41.49","2,143",
"57","2013","Jackson County","1353","6","10","19","-4","0","2","1,351","630","2.14","1,297","51.43","667",
"59","2013","Jefferson County","551411","5633","4003","3,727","1,630","1,082","7,903","543,508","224,942","2.42","232,709","3.34","7,767",
"61","2013","Kiowa County","1404","15","18","-18","-3","2","14","1,390","620","2.24","816","24.02","196",
"63","2013","Kit Carson County","8269","83","76","-74","7","0","1,056","7,213","3,044","2.37","3,529","13.74","485",
"69","2013","Larimer County","316284","3375","1990","4,006","1,385","1,928","8,623","307,661","127,042","2.42","137,431","7.56","10,389",
"71","2013","Las Animas County","14378","147","185","-553","-38","127","786","13,592","5,925","2.29","8,368","29.19","2,443",
"73","2013","Lincoln County","5414","72","41","-42","31","9","1,014","4,400","1,932","2.28","2,435","20.66","503",
"75","2013","Logan County","21809","252","199","-194","53","10","3,318","18,491","7,911","2.34","9,020","12.29","1,109",
"77","2013","Mesa County","148232","1854","1378","-827","476","553","5,098","143,134","58,233","2.46","64,087","9.13","5,854",
"79","2013","Mineral County","727","4","4","21","0","8","0","727","362","2.01","1,226","70.47","864",
"81","2013","Moffat County","13080","190","91","-154","99","11","102","12,978","5,179","2.51","6,230","16.87","1,051",
"83","2013","Montezuma County","25660","293","252","178","41","9","237","25,423","10,594","2.4","12,126","12.63","1,532",
"85","2013","Montrose County","40674","455","383","-89","72","51","542","40,132","16,242","2.47","18,479","12.11","2,237",
"87","2013","Morgan County","28219","412","229","-205","183","26","564","27,655","10,317","2.68","11,559","10.74","1,242",
"89","2013","Otero County","18505","188","220","-123","-32","4","433","18,072","7,592","2.38","8,976","15.42","1,384",
"91","2013","Ouray County","4544","32","33","35","-1","23","0","4,544","2,071","2.19","3,144","34.13","1,073",
"93","2013","Park County","16188","97","73","112","24","32","92","16,096","7,167","2.25","14,169","49.42","7,002",
"95","2013","Phillips County","4359","41","49","-17","-8","14","60","4,299","1,785","2.41","2,106","15.24","321",
"97","2013","Pitkin County","17390","124","43","87","81","23","72","17,318","8,264","2.1","13,036","36.61","4,772",
"99","2013","Prowers County","12271","167","118","-158","49","4","315","11,956","4,822","2.48","5,956","19.04","1,134",
"101","2013","Pueblo County","161085","1852","1622","131","230","284","4,470","156,615","63,728","2.46","70,247","9.28","6,519",
"103","2013","Rio Blanco County","6722","81","52","-87","29","6","277","6,445","2,652","2.43","3,340","20.6","688",
"105","2013","Rio Grande County","11696","150","129","-190","21","13","198","11,498","4,663","2.47","6,675","30.14","2,012",
"107","2013","Routt County","23550","202","101","160","101","36","337","23,213","9,908","2.34","16,413","39.63","6,505",
"109","2013","Saguache County","6221","73","32","-136","41","32","18","6,203","2,690","2.31","3,941","31.74","1,251",
"111","2013","San Juan County","700","1","5","12","-4","6","0","700","344","2.03","765","55.03","421",
"113","2013","San Miguel County","7629","68","25","16","43","12","9","7,620","3,578","2.13","6,702","46.61","3,124",
"115","2013","Sedgwick County","2343","27","29","-25","-2","2","35","2,308","1,074","2.15","1,416","24.15","342",
"117","2013","Summit County","28660","248","53","252","195","139","273","28,387","12,038","2.36","30,274","60.24","18,236",
"119","2013","Teller County","23271","165","125","-118","40","73","132","23,139","9,772","2.37","12,785","23.57","3,013",
"121","2013","Washington County","4765","35","42","56","-7","1","184","4,581","1,959","2.34","2,443","19.81","484",
"123","2013","Weld County","269981","3815","1566","3,808","2,249","1,166","5,847","264,134","95,485","2.77","99,450","3.99","3,965",
"125","2013","Yuma County","10157","140","92","-10","48","4","233","9,924","3,983","2.49","4,480","11.09","497",
"1","2014","Adams County","479777","7044","2714","5,864","4,330","1,495","4,134","475,643","166,987","2.85","167,154","0.1","167",
"3","2014","Alamosa County","15845","240","126","-198","114","50","865","14,980","6,109","2.45","6,727","9.19","618",
"5","2014","Arapahoe County","617936","7906","3488","6,413","4,418","2,750","4,505","613,431","242,411","2.53","243,577","0.48","1,166",
"7","2014","Archuleta County","12258","109","92","30","17","70","129","12,129","5,343","2.27","9,011","40.71","3,668",
"9","2014","Baca County","3624","37","49","-43","-12","0","82","3,542","1,612","2.2","2,252","28.42","640",
"11","2014","Bent County","5747","32","49","-98","-17","0","1,869","3,878","1,656","2.34","2,249","26.37","593",
"13","2014","Boulder County","313190","2939","1705","1,542","1,234","1,694","10,769","302,421","126,358","2.39","131,196","3.69","4,838",
"14","2014","Broomfield County","61554","699","346","1,226","353","896","282","61,272","23,596","2.6","24,620","4.16","1,024",
"15","2014","Chaffee County","18459","143","168","57","-25","111","1,491","16,968","7,871","2.16","10,310","23.66","2,439",
"17","2014","Cheyenne County","1847","27","15","-54","12","1","42","1,805","791","2.28","986","19.78","195",
"19","2014","Clear Creek County","9210","80","62","102","18","12","71","9,139","4,271","2.14","5,718","25.31","1,447",
"21","2014","Conejos County","8246","122","71","-34","51","15","36","8,210","3,114","2.64","4,350","28.41","1,236",
"23","2014","Costilla County","3560","28","42","37","-14","27","0","3,560","1,565","2.27","2,710","42.25","1,145",
"25","2014","Crowley County","5550","31","45","12","-14","3","2,516","3,034","1,263","2.4","1,568","19.45","305",
"27","2014","Custer County","4368","22","35","94","-13","47","150","4,218","1,977","2.13","4,198","52.91","2,221",
"29","2014","Delta County","29988","292","361","-403","-69","11","683","29,305","12,323","2.38","14,687","16.1","2,364",
"31","2014","Denver County","662855","9327","4231","9,562","5,096","6,117","16,158","646,697","291,265","2.22","300,694","3.14","9,429",
"33","2014","Dolores County","1965","15","29","-42","-14","0","0","1,965","856","2.3","1,469","41.73","613",
"35","2014","Douglas County","314804","3536","1034","5,675","2,502","3,883","871","313,933","112,492","2.79","112,861","0.33","369",
"37","2014","Eagle County","52761","659","122","-110","537","105","70","52,691","19,422","2.71","31,624","38.58","12,202",
"43","2014","Fremont County","46389","380","542","268","-162","53","8,226","38,163","16,598","2.3","19,507","14.91","2,909",
"67","2013","La Plata County","53405","495","315","547","180","172","2,099","51,306","21,812","2.35","26,452","17.3","4,626",
"41","2014","El Paso County","665052","9181","4055","2,851","5,126","5,173","20,440","644,612","252,054","2.56","261,627","3.66","9,573",
"65","2013","Lake County","7317","80","35","-19","45","20","141","7,176","2,950","2.43","4,328","17.54","1,378",
"39","2014","Elbert County","24093","179","121","403","58","78","73","24,020","8,745","2.75","9,130","4.22","385",
"45","2014","Garfield County","57260","773","286","-208","487","76","883","56,377","20,681","2.73","23,563","12.23","2,882",
"47","2014","Gilpin County","5769","40","30","188","10","14","49","5,720","2,610","2.19","3,606","27.62","996",
"49","2014","Grand County","14451","123","68","125","55","53","222","14,229","6,292","2.26","16,421","61.68","10,129",
"51","2014","Gunnison County","15767","136","56","107","80","64","991","14,776","6,650","2.22","11,664","42.99","5,014",
"53","2014","Hinsdale County","774","6","3","-33","3","4","56","718","330","2.18","1,411","76.61","1,081",
"55","2014","Huerfano County","6395","41","98","-18","-57","15","165","6,230","2,986","2.09","5,179","42.34","2,193",
"57","2014","Jackson County","1389","17","12","31","5","5","2","1,387","647","2.14","1,302","50.31","655",
"59","2014","Jefferson County","558610","5917","4106","5,377","1,811","1,707","7,914","550,696","227,944","2.42","234,371","2.74","6,427",
"61","2014","Kiowa County","1394","19","20","-9","-1","4","14","1,380","616","2.24","820","24.88","204",
"63","2014","Kit Carson County","8039","94","78","28","16","24","782","7,257","3,066","2.37","3,553","13.71","487",
"69","2014","Larimer County","324105","3490","1985","6,001","1,505","2,447","8,938","315,167","130,068","2.42","140,013","7.1","9,945",
"71","2014","Las Animas County","14078","119","161","-351","-42","37","879","13,199","5,753","2.29","8,403","31.54","2,650",
"73","2014","Lincoln County","5509","49","47","77","2","8","1,030","4,479","1,965","2.28","2,442","19.53","477",
"75","2014","Logan County","22099","240","238","116","2","21","3,490","18,609","7,960","2.34","9,035","11.9","1,075",
"77","2014","Mesa County","148250","1760","1382","-22","378","818","4,760","143,490","58,372","2.46","64,205","9.08","5,833",
"79","2014","Mineral County","696","5","4","-32","1","11","0","696","347","2.01","1,228","71.74","881",
"81","2014","Moffat County","12866","176","94","-296","82","9","102","12,764","5,093","2.51","6,239","18.37","1,146",
"83","2014","Montezuma County","25806","325","267","88","58","6","237","25,569","10,655","2.4","12,135","12.2","1,480",
"85","2014","Montrose County","40769","481","390","4","91","72","542","40,227","16,281","2.47","18,541","12.19","2,260",
"87","2014","Morgan County","28127","431","237","-286","194","22","564","27,563","10,282","2.68","11,596","11.33","1,314",
"89","2014","Otero County","18398","216","261","-62","-45","6","433","17,965","7,547","2.38","8,980","15.96","1,433",
"91","2014","Ouray County","4582","34","44","48","-10","29","0","4,582","2,089","2.19","3,162","33.93","1,073",
"93","2014","Park County","16356","96","84","156","12","56","92","16,264","7,241","2.25","14,224","49.09","6,983",
"95","2014","Phillips County","4379","65","49","4","16","6","60","4,319","1,795","2.41","2,111","14.97","316",
"97","2014","Pitkin County","17623","132","57","158","75","45","72","17,551","8,385","2.09","13,292","36.92","4,907",
"99","2014","Prowers County","12023","145","103","-290","42","3","315","11,708","4,723","2.48","5,956","20.7","1,233",
"101","2014","Pueblo County","161618","1921","1628","288","293","171","4,422","157,196","63,960","2.46","70,406","9.16","6,446",
"103","2014","Rio Blanco County","6626","70","58","-90","12","9","259","6,367","2,620","2.43","3,351","21.81","731",
"105","2014","Rio Grande County","11542","149","114","-189","35","10","198","11,344","4,600","2.47","6,686","31.2","2,086",
"107","2014","Routt County","24010","208","105","348","103","59","346","23,664","10,100","2.34","16,469","38.67","6,369",
"109","2014","Saguache County","6171","55","46","-59","9","35","18","6,153","2,669","2.31","3,975","32.86","1,306",
"111","2014","San Juan County","719","7","3","15","4","0","0","719","354","2.03","765","53.73","411",
"113","2014","San Miguel County","7751","69","26","79","43","11","9","7,742","3,636","2.13","6,714","45.84","3,078",
"115","2014","Sedgwick County","2331","26","32","-6","-6","3","35","2,296","1,068","2.15","1,419","24.74","351",
"117","2014","Summit County","29213","271","68","350","203","276","273","28,940","12,264","2.36","30,417","59.68","18,153",
"119","2014","Teller County","23402","195","174","110","21","55","132","23,270","9,804","2.37","12,942","24.25","3,138",
"121","2014","Washington County","4772","47","51","11","-4","2","184","4,588","1,962","2.34","2,445","19.75","483",
"123","2014","Weld County","275845","3961","1616","4,605","2,345","1,765","4,761","271,084","97,976","2.77","100,851","2.85","2,875",
"125","2014","Yuma County","10178","142","78","-39","64","5","229","9,949","3,993","2.49","4,487","11.01","494",
"1","2015","Adams County","489923","7361","2957","5,747","4,404","1,251","4,129","485,794","168,657","2.88","168,657","0","0",
"3","2015","Alamosa County","15968","215","128","36","87","56","865","15,103","6,160","2.45","6,781","9.16","621",
"5","2015","Arapahoe County","629066","8130","3744","6,941","4,386","1,458","4,308","624,758","245,869","2.54","245,869","0","0",
"7","2015","Archuleta County","12417","118","104","145","14","75","129","12,288","5,414","2.27","9,090","40.44","3,676",
"9","2015","Baca County","3594","32","56","-6","-24","0","82","3,512","1,598","2.2","2,252","29.04","654",
"11","2015","Bent County","5847","42","55","75","-13","0","1,907","3,940","1,682","2.34","2,249","25.21","567",
"13","2015","Boulder County","318570","2857","1787","3,954","1,070","1,532","11,125","307,445","128,444","2.39","132,483","3.05","4,040",
"14","2015","Broomfield County","64656","671","358","2,789","313","820","282","64,374","24,790","2.6","25,975","4.56","1,185",
"15","2015","Chaffee County","18603","138","203","257","-65","147","1,443","17,160","7,962","2.16","10,442","23.75","2,480",
"17","2015","Cheyenne County","1830","29","19","-27","10","7","42","1,788","782","2.29","992","21.17","210",
"19","2015","Clear Creek County","9392","62","60","154","2","11","97","9,295","4,344","2.14","5,726","24.14","1,382",
"21","2015","Conejos County","8074","116","93","-195","23","13","36","8,038","3,048","2.64","4,365","30.17","1,317",
"23","2015","Costilla County","3572","29","34","17","-5","30","0","3,572","1,572","2.27","2,740","42.63","1,168",
"25","2015","Crowley County","5569","42","34","-53","8","7","2,580","2,989","1,243","2.4","1,575","21.08","332",
"27","2015","Custer County","4457","26","34","97","-8","43","150","4,307","2,019","2.13","4,240","52.38","2,221",
"29","2015","Delta County","29973","271","380","85","-109","47","692","29,281","12,314","2.38","14,683","16.13","2,369",
"31","2015","Denver County","680658","9365","4316","12,395","5,049","5,958","16,517","664,141","299,122","2.22","306,478","2.4","7,356",
"33","2015","Dolores County","1972","19","13","1","6","9","0","1,972","859","2.3","1,476","41.8","617",
"35","2015","Douglas County","322198","3376","1253","5,271","2,123","3,245","871","321,327","114,977","2.79","114,977","0","0",
"37","2015","Eagle County","53320","642","110","27","532","243","70","53,250","19,633","2.71","31,870","38.4","12,237",
"43","2015","Fremont County","46659","381","544","482","-163","55","8,177","38,482","16,738","2.3","19,566","14.45","2,828",
"45","2015","Garfield County","57779","767","340","100","427","83","875","56,904","20,873","2.73","23,641","11.71","2,768",
"47","2015","Gilpin County","5824","39","34","50","5","13","49","5,775","2,635","2.19","3,619","27.19","984",
"39","2015","Elbert County","24640","208","137","476","71","115","73","24,567","8,944","2.75","9,242","3.22","298",
"65","2014","Lake County","7370","80","43","8","37","0","149","7,221","2,969","2.43","4,328","17.3","1,359",
"67","2014","La Plata County","53978","552","300","439","252","275","1,981","51,997","22,107","2.35","26,731","17.3","4,624",
"49","2015","Grand County","14602","113","75","113","38","81","222","14,380","6,360","2.26","16,518","61.5","10,158",
"51","2015","Gunnison County","16097","138","77","271","61","58","989","15,108","6,800","2.22","11,722","41.99","4,922",
"53","2015","Hinsdale County","767","7","6","-8","1","4","56","711","327","2.17","1,415","76.89","1,088",
"55","2015","Huerfano County","6456","55","103","109","-48","14","165","6,291","3,015","2.09","5,198","42","2,183",
"57","2015","Jackson County","1353","12","10","-38","2","0","2","1,351","630","2.14","1,303","51.65","673",
"59","2015","Jefferson County","564619","5838","4398","4,551","1,440","2,535","7,932","556,687","230,469","2.42","237,093","2.79","6,624",
"61","2015","Kiowa County","1396","14","22","10","-8","0","14","1,382","617","2.24","819","24.66","202",
"63","2015","Kit Carson County","8219","116","77","-86","39","2","1,009","7,210","3,046","2.37","3,555","14.32","509",
"69","2015","Larimer County","332830","3448","2246","7,088","1,202","2,581","9,373","323,457","133,417","2.42","142,711","6.51","9,294",
"71","2015","Las Animas County","14061","125","178","31","-53","5","884","13,177","5,744","2.29","8,402","31.64","2,658",
"73","2015","Lincoln County","5549","69","66","47","3","2","1,020","4,529","1,986","2.28","2,444","18.74","458",
"75","2015","Logan County","22122","219","186","42","33","20","3,438","18,684","7,992","2.34","9,048","11.67","1,056",
"77","2015","Mesa County","149023","1826","1492","99","334","629","5,100","143,923","58,602","2.46","65,137","10.03","6,535",
"79","2015","Mineral County","729","6","7","34","-1","6","0","729","364","2","1,231","70.43","867",
"81","2015","Moffat County","12884","193","94","-81","99","9","102","12,782","5,101","2.51","6,248","18.36","1,147",
"83","2015","Montezuma County","26129","329","246","240","83","54","237","25,892","10,790","2.4","12,196","11.53","1,406",
"85","2015","Montrose County","40795","454","457","29","-3","89","542","40,253","16,292","2.47","18,627","12.54","2,335",
"87","2015","Morgan County","28230","454","262","-89","192","32","564","27,666","10,320","2.68","11,644","11.37","1,324",
"89","2015","Otero County","18265","193","241","-85","-48","2","433","17,832","7,492","2.38","8,982","16.59","1,490",
"91","2015","Ouray County","4647","21","29","73","-8","33","0","4,647","2,118","2.19","3,184","33.48","1,066",
"93","2015","Park County","16716","115","90","335","25","88","92","16,624","7,402","2.25","14,311","48.28","6,909",
"95","2015","Phillips County","4307","57","55","-74","2","9","60","4,247","1,764","2.41","2,120","16.79","356",
"97","2015","Pitkin County","17845","127","54","149","73","98","72","17,773","8,500","2.09","13,512","37.09","5,012",
"99","2015","Prowers County","11905","165","127","-156","38","4","315","11,590","4,674","2.48","5,950","21.45","1,276",
"101","2015","Pueblo County","163196","1874","1737","1,456","137","108","4,407","158,789","64,611","2.46","70,509","8.36","5,898",
"103","2015","Rio Blanco County","6529","83","53","-127","30","9","259","6,270","2,580","2.43","3,356","23.12","776",
"105","2015","Rio Grande County","11413","127","130","-126","-3","11","198","11,215","4,548","2.47","6,698","32.1","2,150",
"107","2015","Routt County","24310","214","100","199","114","130","333","23,977","10,234","2.34","16,593","38.32","6,359",
"109","2015","Saguache County","6219","78","60","30","18","32","18","6,201","2,692","2.3","4,007","32.82","1,315",
"111","2015","San Juan County","696","6","6","-23","0","0","0","696","342","2.04","765","55.29","423",
"113","2015","San Miguel County","7843","68","22","46","46","83","9","7,834","3,677","2.13","6,794","45.88","3,117",
"115","2015","Sedgwick County","2389","24","54","88","-30","1","35","2,354","1,095","2.15","1,420","22.89","325",
"117","2015","Summit County","29928","271","68","512","203","211","273","29,655","12,568","2.36","30,589","58.91","18,021",
"119","2015","Teller County","23431","192","181","18","11","157","132","23,299","9,580","2.43","13,004","26.33","3,424",
"121","2015","Washington County","4834","47","50","65","-3","5","184","4,650","1,988","2.34","2,450","18.86","462",
"123","2015","Weld County","284571","4083","1727","6,100","2,356","2,500","5,031","279,540","100,966","2.77","103,219","2.18","2,253",
"125","2015","Yuma County","10052","142","97","-171","45","10","229","9,823","3,942","2.49","4,499","12.38","557",
"3","2016","Alamosa County","16131","200","140","103","60","26","865","15,266","6,228","2.45","6,853","9.12","625",
"7","2016","Archuleta County","12907","117","89","462","28","113","129","12,778","5,629","2.27","9,199","38.81","3,570",
"9","2016","Baca County","3557","38","62","-13","-24","0","82","3,475","1,579","2.2","2,252","29.88","673",
"11","2016","Bent County","5626","34","61","-22","-27","2","1,735","3,891","1,661","2.34","2,251","26.21","590",
"13","2016","Boulder County","321989","2841","1803","2,453","1,038","1,436","11,053","310,936","129,842","2.39","133,692","2.88","3,850",
"14","2016","Broomfield County","66252","734","375","1,237","359","447","282","65,970","25,405","2.6","26,324","3.49","919",
"15","2016","Chaffee County","19097","134","180","482","-46","121","1,501","17,596","8,170","2.15","10,664","23.39","2,494",
"17","2016","Cheyenne County","1853","26","20","17","6","6","42","1,811","792","2.29","997","20.56","205",
"19","2016","Clear Creek County","9443","74","59","34","15","18","99","9,344","4,367","2.14","5,740","23.92","1,373",
"21","2016","Conejos County","8039","96","88","-43","8","21","36","8,003","3,034","2.64","4,388","30.86","1,354",
"23","2016","Costilla County","3707","30","46","151","-16","35","0","3,707","1,631","2.27","2,777","41.27","1,146",
"25","2016","Crowley County","5214","27","54","44","-27","5","2,208","3,006","1,250","2.4","1,580","20.89","330",
"27","2016","Custer County","4617","18","52","194","-34","43","150","4,467","2,093","2.13","4,283","51.13","2,190",
"29","2016","Delta County","30471","281","355","556","-74","7","708","29,763","12,517","2.38","14,679","14.73","2,162",
"31","2016","Denver County","693292","9420","4404","7,717","5,016","7,901","16,418","676,874","304,857","2.22","314,631","3.11","9,774",
"33","2016","Dolores County","2035","15","13","61","2","0","0","2,035","886","2.3","1,476","39.97","590",
"35","2016","Douglas County","328330","3494","1325","3,963","2,169","2,890","871","327,459","117,339","2.79","117,683","0.29","344",
"37","2016","Eagle County","53928","664","119","63","545","183","70","53,858","19,853","2.71","32,043","38.04","12,190",
"43","2016","Fremont County","47487","379","537","857","-158","54","8,306","39,181","17,041","2.3","19,625","13.17","2,584",
"45","2016","Garfield County","58984","839","332","689","507","138","884","58,100","21,310","2.73","23,772","10.36","2,462",
"47","2016","Gilpin County","5926","42","30","90","12","16","49","5,877","2,682","2.19","3,640","26.32","958",
"49","2016","Grand County","15039","127","63","373","64","128","222","14,817","6,552","2.26","16,670","60.7","10,118",
"51","2016","Gunnison County","16394","158","77","186","81","98","1,019","15,375","6,920","2.22","11,819","41.45","4,899",
"67","2015","La Plata County","54857","579","346","599","233","278","2,028","52,829","22,107","2.35","27,048","16.95","4,584",
"65","2015","Lake County","7502","86","42","72","44","0","165","7,337","3,016","2.43","4,328","16.95","1,312",
"39","2016","Elbert County","25169","201","124","452","77","149","73","25,096","9,136","2.75","9,389","2.69","253",
"5","2016","Arapahoe County","637254","8096","3908","4,053","4,188","2,709","4,255","632,999","248,211","2.55","248,692","0.19","481",
"53","2016","Hinsdale County","775","2","5","11","-3","6","56","719","330","2.18","1,421","76.78","1,091",
"55","2016","Huerfano County","6642","44","108","250","-64","32","165","6,477","3,103","2.09","5,227","40.64","2,124",
"57","2016","Jackson County","1351","12","12","-2","0","4","2","1,349","629","2.14","1,307","51.87","678",
"59","2016","Jefferson County","571711","5904","4292","5,364","1,612","1,914","8,048","563,663","233,361","2.42","238,917","2.33","5,556",
"61","2016","Kiowa County","1347","20","20","-49","0","0","14","1,333","596","2.24","819","27.23","223",
"63","2016","Kit Carson County","7639","94","79","-76","15","0","490","7,149","3,021","2.37","3,555","15.02","534",
"69","2016","Larimer County","338663","3464","2165","4,584","1,299","2,526","9,323","329,340","135,762","2.43","144,976","6.36","9,214",
"71","2016","Las Animas County","14082","130","184","76","-54","3","883","13,199","5,752","2.29","8,405","31.56","2,653",
"73","2016","Lincoln County","5554","52","58","74","-6","15","957","4,597","2,018","2.28","2,459","17.93","441",
"75","2016","Logan County","22047","223","255","-52","-32","27","3,447","18,600","7,955","2.34","9,070","12.29","1,115",
"77","2016","Mesa County","150731","1709","1462","1,229","247","486","5,332","145,399","59,207","2.46","65,601","9.75","6,394",
"79","2016","Mineral County","737","8","5","5","3","12","0","737","368","2","1,234","70.18","866",
"81","2016","Moffat County","13088","181","90","113","91","7","102","12,986","5,182","2.51","6,255","17.15","1,073",
"83","2016","Montezuma County","26906","297","257","737","40","23","237","26,669","11,115","2.4","12,225","9.08","1,110",
"85","2016","Montrose County","41421","423","429","632","-6","124","542","40,879","16,544","2.47","18,745","11.74","2,201",
"87","2016","Morgan County","28148","428","281","-229","147","78","564","27,584","10,291","2.68","11,645","11.63","1,354",
"89","2016","Otero County","18290","228","250","47","-22","4","433","17,857","7,500","2.38","8,986","16.54","1,486",
"91","2016","Ouray County","4844","34","32","195","2","35","0","4,844","2,208","2.19","3,215","31.32","1,007",
"93","2016","Park County","17285","118","97","548","21","123","92","17,193","7,655","2.25","14,432","46.96","6,777",
"95","2016","Phillips County","4285","68","45","-45","23","9","60","4,225","1,755","2.41","2,127","17.49","372",
"97","2016","Pitkin County","17773","146","64","-154","82","108","72","17,701","8,468","2.09","13,670","38.05","5,202",
"99","2016","Prowers County","11841","185","149","-100","36","6","315","11,526","4,648","2.48","5,945","21.82","1,297",
"101","2016","Pueblo County","165109","1850","1706","1,770","144","282","4,406","160,703","65,397","2.46","70,701","7.5","5,304",
"103","2016","Rio Blanco County","6497","75","61","-46","14","11","259","6,238","2,568","2.43","3,414","24.78","846",
"105","2016","Rio Grande County","11424","137","126","0","11","14","198","11,226","4,552","2.47","6,712","32.18","2,160",
"107","2016","Routt County","24679","246","104","217","142","102","343","24,336","10,388","2.34","16,689","37.76","6,301",
"109","2016","Saguache County","6404","77","48","156","29","29","18","6,386","2,774","2.3","4,036","31.27","1,262",
"111","2016","San Juan County","698","5","3","0","2","6","0","698","343","2.03","771","55.51","428",
"113","2016","San Miguel County","8000","68","27","116","41","32","9","7,991","3,751","2.13","6,826","45.05","3,075",
"115","2016","Sedgwick County","2421","29","35","38","-6","0","35","2,386","1,113","2.14","1,420","21.62","307",
"117","2016","Summit County","30367","295","64","208","231","195","273","30,094","12,753","2.36","30,608","58.33","17,855",
"119","2016","Teller County","24154","191","171","703","20","85","132","24,022","10,121","2.37","13,088","22.67","2,967",
"121","2016","Washington County","4875","57","66","50","-9","5","184","4,691","2,006","2.34","2,455","18.29","449",
"123","2016","Weld County","294397","4254","1734","7,306","2,520","2,911","5,031","289,366","104,485","2.77","105,720","1.17","1,235",
"125","2016","Yuma County","10082","145","100","-20","45","1","234","9,848","3,951","2.49","4,500","12.2","549",
"67","2016","La Plata County","55697","571","337","657","234","336","1,977","53,720","22,851","2.35","27,404","29.72","4,553",
"1","2016","Adams County","497673","7168","2925","3,452","4,243","2,155","4,184","493,489","169,553","2.9","170,132","0.34","579",
"41","2011","El Paso County","638289","9231","3650","4,642","5,581","2,321","19,975","618,314","241,890","2.56","253,871","4.72","11,981",
"41","2012","El Paso County","647446","9156","3781","3,760","5,375","2,706","19,997","627,449","245,442","2.56","256,167","4.19","10,725",
"41","2013","El Paso County","656981","9086","3940","4,040","5,146","4,901","20,346","636,635","248,935","2.56","258,857","3.83","9,922",
"41","2015","El Paso County","676178","9435","4149","5,720","5,286","3,106","20,560","655,618","256,339","2.56","264,673","3.15","8,334",
"41","2016","El Paso County","690207","9472","4296","8,732","5,176","3,580","20,681","669,526","261,764","2.56","267,737","2.23","5,973",
"65","2016","Lake County","7595","64","44","82","20","39","156","7,439","3,057","2.43","4,350","16.61","1,293",